poiId,frontImg,title,avgScore,allCommentNum,address,avgPrice
60863935,https://img.meituan.net/600.600/msmerchant/b7e057d608570e14eb6dd9980f616677181921.png,麻辣乐麻辣香锅（南山店）,5,10068,南山区桃园路86号常兴天虹商场1楼老地方美食城（近常兴路）,49
96881996,https://img.meituan.net/600.600/msmerchant/be2f474046d15f9d47ee67a2a6ce3e86482486.jpg,邂逅椰子鸡（南山店）,5,2399,南山区前海路大新前海商业中心208（大新地铁口A出口，原雨花西餐厅）,85
98175299,http://p0.meituan.net/600.600/dpmerchantalbum/f0e53a2a196fe5205f041b32fc460508413219.jpg,牛间道,5,2021,南山区金鸡路1号田厦翡翠明珠1楼C7,75
152573518,https://img.meituan.net/600.600/msmerchant/0a5b071d9c49fd5abca577fb2a29a71c88049.jpg,渝海棠毛肚火锅,5,2863,南山区金鸡路1-39号七巧国商业街（田夏翡翠明珠3栋1楼）,93
41765996,http://p1.meituan.net/600.600/apiback/1efc2cfba37b16684146a8f96aaa5cf753309.jpg,回味轩光明乳鸽（南山分店）,5,1207,南山区桃园路南贸中心2栋A座3号（近常兴天虹和桃园地铁站）,38
158648474,http://p1.meituan.net/600.600/bbia/2f2075b4e0f9a3375f89711ee879409971722.jpg,蛙奴炭烧牛蛙（桃园店）,5,2388,南山区南头街道常兴路126号常兴广场首层5号商铺,67
119710984,https://img.meituan.net/600.600/msmerchant/5944108db46630e9ec466b1cd89f44ce40840.jpg,一鱼·日式料理（桃园总店）,5,579,南山区桃园路62号常兴苑C2栋105（常兴广场旁）,72
158673161,https://img.meituan.net/600.600/msmerchant/1c33ad873f0baa7d3a084720a0ddce8c159884.jpg,樱の料理（金牛店）,5,278,南山区南头街道桃园路田厦金牛广场A座首层（7+11便利店右侧通道直进20米）,62
162935631,https://img.meituan.net/600.600/msmerchant/ac25beec99b7a856abf37f31816f2589337458.jpg,榕记·专注蛇宴（南山店）,5,331,南山区桃园路前海金岸大厦一楼,105
592745,http://p1.meituan.net/600.600/bbia/17aecf0f5f3f79654c17b7e24b690ae783675.jpg,南蓉海鲜大酒楼,5,3656,南山区南新路南头街88号（南山社保局旁）,72
91721369,http://p1.meituan.net/600.600/mogu/23f6221d14c20e8d9ddca5bcd3b69bbb475688.jpg,汤巢（振业星海商业广场店）,5,1129,南山区前海路振业商场天虹4楼（原韩尚轩韩国料理）,56
158804234,https://img.meituan.net/600.600/msmerchant/bd1c6c3ff5678f0db03b59560577fd659800.jpg,常兴冰室,5,299,南山区常兴路153号（常兴天虹侧面对面）,24
155801755,https://img.meituan.net/600.600/msmerchant/41fc44349251dd71d7f117d1db18da9199980.png,个斑马音乐烧烤吧（南头街店）,5,1196,南山区南新路与南头街交口西行50米路南（八合里海记牛肉店旁）,70
192458348,http://p0.meituan.net/600.600/bbia/abbdd789a48dba31f677f598a0d7aea223820.jpg,炉火时代韩式炭火烤肉（桃园店）,5,246,南山区桃园路田下金牛广场一层美食街（桃园地铁站A口出，1点点往前30米）,79
110581165,https://img.meituan.net/600.600/msmerchant/633c9cdb6cd166edfe2ee480094981a727808.jpg,大熊自助烤肉（马家龙店）,5,984,南山区玉园路37号（近玉泉路）,100
60863935,https://img.meituan.net/600.600/msmerchant/b7e057d608570e14eb6dd9980f616677181921.png,麻辣乐麻辣香锅（南山店）,5,10068,南山区桃园路86号常兴天虹商场1楼老地方美食城（近常兴路）,49
96881996,https://img.meituan.net/600.600/msmerchant/be2f474046d15f9d47ee67a2a6ce3e86482486.jpg,邂逅椰子鸡（南山店）,5,2399,南山区前海路大新前海商业中心208（大新地铁口A出口，原雨花西餐厅）,85
98175299,http://p0.meituan.net/600.600/dpmerchantalbum/f0e53a2a196fe5205f041b32fc460508413219.jpg,牛间道,5,2021,南山区金鸡路1号田厦翡翠明珠1楼C7,75
152573518,https://img.meituan.net/600.600/msmerchant/0a5b071d9c49fd5abca577fb2a29a71c88049.jpg,渝海棠毛肚火锅,5,2863,南山区金鸡路1-39号七巧国商业街（田夏翡翠明珠3栋1楼）,93
41765996,http://p1.meituan.net/600.600/apiback/1efc2cfba37b16684146a8f96aaa5cf753309.jpg,回味轩光明乳鸽（南山分店）,5,1207,南山区桃园路南贸中心2栋A座3号（近常兴天虹和桃园地铁站）,38
158648474,http://p1.meituan.net/600.600/bbia/2f2075b4e0f9a3375f89711ee879409971722.jpg,蛙奴炭烧牛蛙（桃园店）,5,2388,南山区南头街道常兴路126号常兴广场首层5号商铺,67
119710984,https://img.meituan.net/600.600/msmerchant/5944108db46630e9ec466b1cd89f44ce40840.jpg,一鱼·日式料理（桃园总店）,5,579,南山区桃园路62号常兴苑C2栋105（常兴广场旁）,72
158673161,https://img.meituan.net/600.600/msmerchant/1c33ad873f0baa7d3a084720a0ddce8c159884.jpg,樱の料理（金牛店）,5,278,南山区南头街道桃园路田厦金牛广场A座首层（7+11便利店右侧通道直进20米）,62
162935631,https://img.meituan.net/600.600/msmerchant/ac25beec99b7a856abf37f31816f2589337458.jpg,榕记·专注蛇宴（南山店）,5,331,南山区桃园路前海金岸大厦一楼,105
592745,http://p1.meituan.net/600.600/bbia/17aecf0f5f3f79654c17b7e24b690ae783675.jpg,南蓉海鲜大酒楼,5,3656,南山区南新路南头街88号（南山社保局旁）,72
91721369,http://p1.meituan.net/600.600/mogu/23f6221d14c20e8d9ddca5bcd3b69bbb475688.jpg,汤巢（振业星海商业广场店）,5,1129,南山区前海路振业商场天虹4楼（原韩尚轩韩国料理）,56
158804234,https://img.meituan.net/600.600/msmerchant/bd1c6c3ff5678f0db03b59560577fd659800.jpg,常兴冰室,5,299,南山区常兴路153号（常兴天虹侧面对面）,24
155801755,https://img.meituan.net/600.600/msmerchant/41fc44349251dd71d7f117d1db18da9199980.png,个斑马音乐烧烤吧（南头街店）,5,1196,南山区南新路与南头街交口西行50米路南（八合里海记牛肉店旁）,70
192458348,http://p0.meituan.net/600.600/bbia/abbdd789a48dba31f677f598a0d7aea223820.jpg,炉火时代韩式炭火烤肉（桃园店）,5,246,南山区桃园路田下金牛广场一层美食街（桃园地铁站A口出，1点点往前30米）,79
110581165,https://img.meituan.net/600.600/msmerchant/633c9cdb6cd166edfe2ee480094981a727808.jpg,大熊自助烤肉（马家龙店）,5,984,南山区玉园路37号（近玉泉路）,100
150704051,http://p0.meituan.net/600.600/mogu/184008c9c17587e91d6e3c1d7a263c4b182825.jpg,河里活,5,454,南山区南头街道丽乐美居199号,76
163010725,https://img.meituan.net/600.600/msmerchant/50735872f6eced83f3dddba7fd74b6fa786640.jpg,楼下的猫咖啡,5,993,南山区金鸡路53号四季丽晶一楼（欢乐颂麦当劳南侧）,41
96571152,http://p0.meituan.net/600.600/ugcpic/f3a7b5fd807bf30e2323d454612b3bec,大埕润记潮味牛肉店,5,437,南山区南头街大新路308号（中山公园东门斜对面南头派出所南侧200米）,59
160215857,http://p1.meituan.net/600.600/bbia/8dd4a38bfe62f6d7662ee1d076b76fb6436507.jpg,子情贝诺生日蛋糕店（南新店）,5,81,南山区南新路3020-1号,19
164225203,http://p1.meituan.net/600.600/mogu/de7a48766b89d39836b7cf3d02db419c334127.jpg,颜鲜寿司,5,324,南山区南头街道南头古城朝阳北街20号一楼商铺,43
163419332,http://p1.meituan.net/600.600/mogu/9d6cab7bcd65c1245bfd8923f956e97378952.jpg,御果,5,1806,南山区田厦金牛一楼8-38,21
152403249,https://img.meituan.net/600.600/msmerchant/0b3ad96a95295a8fc244689488cd127045089.jpg,蟹匠1027（南头店）,5,222,南山区南头街301号（满族包子对面）,92
156802893,http://p0.meituan.net/600.600/mogu/a66fdf98f1678a4fe53fc2abbccd096b71477.jpg,凡品蛋糕店,5,189,南山区南头街道大新社区关口正街70号,50
42753427,http://p0.meituan.net/600.600/mogu/6c6803429a2c081e4c66366dd4446420468088.jpg,湖南大碗菜,5,1027,南山区关口路63-1号,24
175140697,https://img.meituan.net/600.600/msmerchant/59f0bf91b639045eafd82a8621c011972136985.jpg,蝈师傅私房烘焙蛋糕,5,164,南山区常兴时代广场西座18楼G（桃园地铁B出口两百米天虹商场后门上）,88
180592718,https://img.meituan.net/600.600/msmerchant/1158cc2fb122bcc72810c1313e1f184159055.jpg,心地标生日蛋糕店（南山店）,5,103,南山区常兴路常兴苑D5栋101号,68
159837438,https://img.meituan.net/600.600/msmerchant/313853c5a8e4ed095a1a0fbdbc555f8f60678.jpg,虾王蟹煲（南头店）,5,1106,南山区南山大道3055号二楼（暨南头古城东门大汉堡二楼）,60
194728007,https://img.meituan.net/600.600/msmerchant/23757d2b23e989e6ff4ba27b3229f8bd43880.jpg,哞哞牛碳火烤肉（南山店）,4,11,南山区南头街1956数字文化创业园3栋104室,86
2505323,http://p1.meituan.net/600.600/deal/__11427578__3771284.jpg,友田达怡宝桶装水专卖（前海店）,5,44,南山区星海名城三期T6栋4号铺（近星海名城）,0
194851486,https://img.meituan.net/600.600/msmerchant/766cf6045163bb543cb0f4686a3f3b80170157.jpg,新二咖啡·高空下午茶,5,27,南山区深南大道海岸时代公寓东座1507,38
1530980,https://img.meituan.net/600.600/msmerchant/a6f13dbe4016de8e9df4bc9d871def631674608.jpg,翠顺楼·盛世厨房精品顺德菜（南山星海店）,5,2051,南山区深南大道与前海路交叉口振业星海商业广场4楼006铺,84
1781719,https://img.meituan.net/600.600/msmerchant/56c7406c2872bb3d65c619099a426f6544206.jpg,花穆兰的院子,5,111,南山区月亮湾大道3008号荷兰花卉小镇L14号,59
194434703,https://img.meituan.net/600.600/msmerchant/fa7dc96a2c5e8af5028b2d17d92db16f378947.jpg,炙酌·居酒屋（南头店）,5,49,南山区南头街1956数字文化创意园,97
781579396,https://img.meituan.net/600.600/msmerchant/69ea6de56a9f1bc7e1e37dfbfcc0d38397053.jpg,煎饼与茶（南山店）,5,70,南山区南山大道2032-13,16
177276971,http://p0.meituan.net/600.600/bbia/7a5df7ff40f0024ffa746128ff0b97d236417.png,麦小青陕面坊（大新店）,4.9,358,南山区前海路3168-31号大新地铁站A出口,28
86498293,http://p1.meituan.net/600.600/bbia/cd55e063d126e36ad04269f955024e2a264809.jpg,乐凯撒·榴莲比萨（欢乐颂购物中心店）,4.9,146,南山区南新路3030号欢乐颂购物中心1层西广场,74
91871271,https://img.meituan.net/600.600/msmerchant/779da746f1456c791d6980998265cda677843.jpg,慕炭东北烤肉·澳洲和牛（大新前海店）,4.8,1209,南山区前海路3168号大新前海商业中心2楼,89
80942402,http://p0.meituan.net/600.600/deal/f5702cf3616dea77aebd2167c2fbc42c32682.jpg,五谷渔粉（前海店）,4.9,1238,南山区南头街道前海路3015前海花园1栋101号FA5,14
102648688,https://img.meituan.net/600.600/msmerchant/0e45d71772c28b9640dc66fbc06ae86637112.jpg,汉正街湖北传统名小吃,4.8,517,南山区桃园路常兴天虹美食城一楼（过锅瘾对面）,20
40921186,http://p1.meituan.net/600.600/deal/0eb3f032ef0f4391c5465f87d665b74b178496.jpg,竞技猫桌游手游馆,4.8,153,南山区金鸡路53号四季丽晶一楼（欢乐颂麦当劳南侧）,41
80321744,http://p0.meituan.net/600.600/mogu/8c6dad18554f90dd5abf8bf15ecb9f3826777.jpg,西域风烧烤主题餐厅（马家龙店）,4.7,133,南山区南头街道马家龙玉泉北路汇金家园B栋一层商场B12,76
75382096,http://p1.meituan.net/600.600/dpdeal/650d5bf7e0387a275941a6505cda9a3743566.jpg,力六水店,4.5,88,南山区南头街道马家龙南龙苑简易房202（中山公园对面）,0
2414832,https://img.meituan.net/600.600/msmerchant/b322c4e051aae11933f074f7d76f48bc75831.jpg,平兴乳鸽王客家菜馆（大新店）,4.7,4364,南山区桃园路170号（大新地铁站A出口东40米）,56
192493444,https://img.meituan.net/600.600/msmerchant/c2654a5350b1c8ef9d434725a8d5d1f799694.jpg,麻辣四海老火锅（桃园店）,4.7,68,南山区桃园路田厦翡翠明珠裙楼3栋A05号铺,100
158376837,https://img.meituan.net/600.600/msmerchant/c8ea13e0203a265102e5e3fd9318d4a32600006.jpg,穆羊人碳烤部落·清真餐厅,4.6,2166,南山区玉泉路79号中山苑设计创意产业基地一楼（玉泉南山路口公交站）,64
5234357,http://p1.meituan.net/600.600/deal/e330045ff6cd0c22256b854e9257773e325698.jpg,川渝人家（艺园路店）,4.8,832,南山区艺园路112-116号,51
179659641,https://img.meituan.net/600.600/msmerchant/c1bd0c81dcb57c6b7b748808404f9575165941.png,老陕厨房（南山店）,4.5,119,南山区南山区红花路137号东方美地苑61号,19
92347,http://p0.meituan.net/600.600/bbia/f6afd98ad0b0e5890ea3e3ded2332eb9184550.jpg,尊宝比萨（南头店）,4.5,7008,南山区深南大道与前海路交汇处东方新地苑C栋12铺（近前海路）,43
163510463,https://img.meituan.net/600.600/msmerchant/1c33ad873f0baa7d3a084720a0ddce8c159884.jpg,樱の料理（常兴店）,4.5,243,南山区桃园路常兴苑（天虹商场东门对面）,66
193282736,https://img.meituan.net/600.600/msmerchant/8191e97f95b1e5a11a122dbc71b14f8312424452.jpg,犬夜叉居酒屋（南山店）,4.5,46,南山区南头街273号,89
188590017,http://p0.meituan.net/600.600/bbia/b7166873ff9a2cb359a82374103c4ba3145489.jpg,AURA,4.5,16,南山区南头街道马家龙社区大新路188号嘉隆公寓大新路182号107-108,18
160063782,http://p0.meituan.net/600.600/bbia/e4f283a0c2a1e4c7cca4c8a1f7e103de320271.jpg,LoveCake御蝶轩生日蛋糕（马家龙店）,4.5,23,南山区大新路马家龙工业区45栋107,0
194638532,http://p0.meituan.net/600.600/bbia/b42bbf6a6689247a4c2eb6358a85510348010.jpg,顺和记牛肉粿条·火锅,4.5,11,南山区南山区南头街道红花园社区关口正街169号1956数字文化创意园8栋107,43
99067773,http://p0.meituan.net/600.600/deal/2ee5be5b8cad5c7a75aae0c69510ff0531880.jpg,重庆水煮活鱼川菜,4.5,13,南山区关口路东方美地苑第一栋21-22号,23
192034212,https://img.meituan.net/600.600/msmerchant/fe9ccd1a1019e5b76f2313de7e24159693718.jpg,今夜铁板烧,4.5,5,南山区南头街100号旺海怡苑4号铺,60
93697299,http://p1.meituan.net/600.600/deal/7feab60d1111e0b59be95f179a41fc3c13634.jpg,大卡司（南新路店）,4.4,443,南山区南新路欢乐颂旁（锦绣园）,15
165616687,https://img.meituan.net/600.600/msmerchant/ce5571e312684924320677d5eb026a28226697.jpg,江汉龙虾馆（南头店）,4.3,103,南山区南头街道玉泉路1-1号,100
601254,https://img.meituan.net/600.600/msmerchant/7d2aac93d059b368d59ca76e8e74af9667454.jpg,联发餐厅,4.4,320,南山区南头街100号旺海怡苑1楼22号,51
60092584,http://p0.meituan.net/600.600/bbia/1664106a988c11a72b4a3d874f28f898259831.jpg,太平洋咖啡（欢乐颂店）,4.4,32,南山区南新路3020号（欢乐颂购物中心1层，近南蓉海鲜大酒楼）,41
610902,http://p0.meituan.net/600.600/deal/dda622d14a11f01db3876edc998c189c242490.jpg,尚甜坊,4.3,575,南山区前海路大新前海商业中心117号,24
616194,http://p1.meituan.net/600.600/poi/ad486fe76e4c64f541c9de72aa04348586016.jpg,客家风味名食,4.3,34,南山区麒麟花园夏轩楼1楼临街,42
91975583,http://p1.meituan.net/600.600/mogu/422397758e3391a66b4418e21c9aff38200448.jpg,木柚咖啡,4.3,17,南山区南山大道2106-3号文体中心一楼,34
194046570,https://img.meituan.net/600.600/msmerchant/f9af2c27cfa98db5a39d04ed0154d7c0793044.jpg,余生·油画体验茶饮艺术生活馆,4.3,8,南山区北环路南龙苑A座107方10183号商铺,30
194936782,https://img.meituan.net/600.600/msmerchant/62bd5560314c4f4bc495b29bf19eb2be94479.jpg,老月浦卤鹅饭店,4.4,29,南山区南山区玉泉路85号,47
5010162,https://img.meituan.net/600.600/msmerchant/3117cfc38224960f7f21343dd3f72fce60600.jpg,十三羊蒙古羊排店（星海店）,4.3,1182,南山区南头街道前海路星海名城二期八组团3栋11商铺（近振业星海名城）,52
610906,https://img.meituan.net/600.600/msmerchant/a5d94e2157d7b21faa84557ecbdb84b75739547.jpg,千味涮（欢乐颂店）,4.2,2146,南山区南新路3020号欢乐颂购物中心4层（南头街口）,67
161059585,http://p0.meituan.net/600.600/mogu/0897c57a7c1034519be2da0f406c22f086258.jpg,皇记寿乡人野鱼野菜馆,4.2,2030,南山区南新路欢乐颂购物中心5楼原巜寿乡人野鱼野菜馆》中山公园店,61
5666287,http://p1.meituan.net/600.600/bbia/989d694526b1b534683365ecead0e14c65719.jpg,香港新君豪烧腊茶餐厅,4.2,8007,南山区常兴路148-152号（常兴天虹广场旁边）,50
5577010,https://img.meituan.net/600.600/msmerchant/5706b3dd856cc5d476f62dc98ddfdd63114004.jpg,木屋烧烤（南新店）,4.2,1001,南山区南山南头街丽乐美居C栋103号（海晖东江旁）,59
2521994,https://img.meituan.net/600.600/msmerchant/681eeb76cf7bf0de800ceb4e747df4ce123835.jpg,平兴蛋糕屋,4.2,4060,南山区桃园路大新新村87号（大新地铁站A出口）,0
95342448,https://img.meituan.net/600.600/msmerchant/7047de9139a5aa6a2ea81413c7d7532138039.jpg,HEY YO喜乳酪（欢乐颂购物中心店）,4.2,304,南山区南新路3020号欢乐颂购物中心1层,28
160152476,http://p1.meituan.net/600.600/merchantpic/9b14258505aba493d45fe73849c0734220030.png,正新鸡排（欢乐颂店）,4.2,215,南山区南新路3083-1号,14
164043307,https://img.meituan.net/600.600/msmerchant/c086ddf29797243c4380d3834b51dd9f193613.jpg,新楚记烧烤（南山店）,4.3,42,南山区南头街100-17旺海怡苑1层,82
160174571,https://img.meituan.net/600.600/msmerchant/7894eb099f19bd30bad1027a053d7e8c47092.jpg,Xalapa墨西哥餐厅,4.2,295,南山区前海路星海名城三期9栋外围商铺一楼,82
166042850,http://p1.meituan.net/600.600/mogu/5774ec42402bdf5dc7edb8a7c9d64b08123399.jpg,两只猫咖啡馆,4.2,12,南山区前海路荷兰花卉小镇B区4A号,46
50931163,http://p1.meituan.net/600.600/apiback/2d45cdc1a5fe709471e8f3c450523c6d101045.jpg,威记肠粉王（钰龙园分店）,4.2,669,南山区南新路英达钰龙园B11号,11
52862809,http://p0.meituan.net/600.600/deal/c8e2088ff0a4cce24a7296140d1c1af969450.jpg,莱茵河茶餐厅,4.2,90,南山区中山南街1坊43号（南头中学东行）,24
67741743,https://img.meituan.net/600.600/msmerchant/cf2c763d9ca97450b347dda7ac2d909f1242079.jpg,八合里海记（南头店）,4.1,4405,南山区南头街279号（近南头街道社区服务中心）,71
2476383,http://p1.meituan.net/600.600/apiback/47a8e8e58a7e895693bc6d3a43d4ab2a262962.jpg,圣淘沙酒店西餐厅（翡翠店）,4.1,1436,南山区金鸡路田厦翡翠明珠3栋,164
159148314,https://img.meituan.net/600.600/msmerchant/3ec0e341f3e164839590ecb4549ac5b630682.jpg,今道春饼·烤鸭（南山桃园店）,4,1049,南山区金鸡路7号七巧国C3号,59
1781133,http://p0.meituan.net/600.600/dealwatera/0d30ec5e9888a52c3cdad8dc6fb80def189686.jpg,祥和明兴清远鸡煲,4.1,286,南山区南头街旺海怡苑商铺32号,57
165094859,https://img.meituan.net/600.600/msmerchant/da2155a033c909c5225f62ae1c12a8ab11168.png,撸天下烧烤（南头店）,4.1,205,南山区南头街315号（大新小学旁）,81
190772572,https://img.meituan.net/600.600/msmerchant/ddcb27ccd375c094737fc4f02327050872539.jpg,雪满天大地锅（大新店）,4.1,70,南山区前海路3168号大新前海商业中心2楼204B,69
91591276,http://p1.meituan.net/600.600/xianfu/7e343272c27d8921c97b86ea573b0603400131.jpg,秋色客家王,4.1,258,南山区南头街道麒麟路西侧麒麟花园A区12栋B1B2一楼6号,49
150337976,http://p1.meituan.net/600.600/deal/6866d1de6a98e14ed139662fc386f9db36130.jpg,1978饮品店,4.1,75,南山区桃园路223-7号（7天酒店对面）,27
90343000,http://p1.meituan.net/600.600/mogu/6eebfea47b99a4f4019554334ea5e06d33037.jpg,一品锅麻辣香锅,4.1,62,南山区南新路大新旺角美食街2楼（南山欢乐颂对面）,28
40501354,https://img.meituan.net/600.600/msmerchant/65653bb1fbf7cdad0a9d4ea663d6f1921563848.jpg,潮盛白粥（南头店）,4.1,10,南山区南头街297号,60
96620785,http://p0.meituan.net/600.600/bbia/a7e1b6848cc0b5306791b9bea030ab4d114551.jpg,Who乎coffee&bar,4.1,89,南山区南山大道南山文体中心,40
193805835,https://img.meituan.net/600.600/msmerchant/1fd6234e7e92922c13926be6f33dc6ba127759.jpg,念糖归（1956数字文化创意园分店）,4.1,7,南山区关口路1956数字文化创意园10栋106,21
42710219,https://img.meituan.net/600.600/msmerchant/6efafd85d85bcf83975e5c9230b843751936571.jpg,同仁四季（南山LOFT店）,4,17318,南山区金鸡路1号田厦翡翠明珠1楼C5室（近圣淘沙酒店翡翠店）,90
177413921,https://img.meituan.net/600.600/msmerchant/852b316e6b627d6f2ce44d0f3e4c40b0264399.jpg,胖哥俩肉蟹煲（欢乐颂店）,4,367,南山区南新路3030号欢乐颂商城4楼F421（直升电梯旁）,67
67385393,https://img.meituan.net/600.600/msmerchant/6a8e049aa13045a66529d96d29aa507784293.png,海大大蒸汽海鲜主题餐厅（欢乐颂店）,3.9,1198,南山区金鸡路34号四季丽晶大厦二楼（南新路欢乐颂麦当劳旁）,121
95643730,https://img.meituan.net/600.600/msmerchant/05784081b1ed0587e4ea65172a76ef7114438.jpg,CoCo都可（南头店）,4,450,南山区南头街265号大新旺角商场1楼66号铺位,13
94948800,http://p1.meituan.net/600.600/bbia/a07a98b9d0ab0cd468ecabd4e3eed2c0392089.png,海之恋寿司（南头店）,4.1,247,南山区深南大道东方新地苑A座1楼102商铺（南头中学对面海岸时代公寓东门旁）,55
193497694,https://img.meituan.net/600.600/msmerchant/fb0e1a19cbe9298ada49b1d7ff5a99d81878602.jpg,77湘味（桃园店）,4.2,45,南山区桃园路8号田厦金牛广场负二楼05,68
5851986,http://p1.meituan.net/600.600/poi/6b3a4ffd2e3e9243c4b470e8005a2ddd124928.jpg,阳江海鲜大排档,4,52,南山区南山大道南头城天主教堂路口（南头城幼儿园旁）,99
69834671,http://p1.meituan.net/600.600/deal/69de1a6439a5830a956eb664ad419c80237254.jpg,一品烧烤屋（南山大道中山苑店）,4.1,138,南山区南山大道3118号，紧邻中山苑，阳光雅苑小区对面,47
51462611,https://img.meituan.net/600.600/msmerchant/7d257294fe2a169a9f9d1f25c2a13e2a140422.jpg,三秦香陕西面馆,3.9,45,南山区南头街道一甲海边新村3210号,21
97451730,http://p1.meituan.net/600.600/mogu/b6c78a8aa9ff9eb8d61c31a1f970aac874389.jpg,顺盈肠粉,4,20,南山区桃园路田厦国际中心1楼（汉堡王旁）,27
195024132,https://img.meituan.net/600.600/msmerchant/5be79cd2110f6551f70cdd86a4b45925639908.jpg,邂逅吉兆居酒屋（大新店）,4,17,南山区前海路大新前海商业中心二楼肯德基旁,87
193756483,https://img.meituan.net/600.600/msmerchant/883047945244690f80ab8de6ca7dd02b380148.jpg,乌兰烧烤烤羊腿（南头店）,4,11,南山区南头街1956数字文化创意园内（大新小学对面）3A栋101号,88
195126098,https://img.meituan.net/600.600/msmerchant/7f94f5b0db7105aa4be650b98613840c1621469.jpg,润心糖水铺子,4.2,5,南山区宝龙路18-21号,17
118097121,http://p0.meituan.net/600.600/shopmainpic/ca20fa6208e4cd90821182e033c179c12353266.jpg,Beryl's 倍乐思,4,12,南山区艺园路与正云路交汇处缤纷年华家园裙楼A12号铺,0
170548908,https://img.meituan.net/600.600/msmerchant/281bf76e47667baac7b7eca577b6a4aa44226.jpg,伐工社烧烤屋,4,2,南山区虹步路1号,74
165276684,http://p0.meituan.net/600.600/mogu/3d121bd72ad5b923f4974d5a1489fb9427843.jpg,至尊比萨（南头店）,4,7,南山区南头街道宝龙路麒麟新村A栋6号铺,39
187938229,https://img.meituan.net/600.600/msmerchant/0830bc47f58f107b4b35631cdf9c630a58519.jpg,嫩绿NenlüTea（桃园店）,4,2,南山区桃园路8-36号田厦金牛广场1楼107号,39
184282133,https://img.meituan.net/600.600/msmerchant/d618432d745344f978777017b64f6cd541400.jpg,星空咖啡,4,1,南山区前海路3101号星海名城1期3组团6栋1C（工商银行旁，星海小厨进来第一家/大新地铁B出口）,37
194605364,http://p0.meituan.net/600.600/bbia/9f6d1e88f38892e123b6fbe3b8977f8f144521.png,阿甘锅盔（桃园店）,4,4,南山区桃园路金牛广场负二楼西A2第一间,14
1143850831,https://img.meituan.net/600.600/msmerchant/a760e5b4f9f5bc94d94aeae3c87e7c76123615.jpg,小麦居·面道·酒叙,4,16,南山区南口街4号-101,22
587034689,https://img.meituan.net/600.600/msmerchant/75c267d3713e26d7cb99dcefc65e2a016149390.jpg,DOT 圆点亲子餐厅,4,4,南山区南头街1956数字文化创意园3b栋201号,111
194053423,https://img.meituan.net/600.600/msmerchant/1edd7813ef73472006c504d319e4edd2894386.jpg,The Flowers Coffee（南山店）,4,0,南山区月亮湾大道3008号荷兰花卉小镇E区38号,39
1781409,https://img.meituan.net/600.600/msmerchant/1f4be9598f53738296bad8e9b0feabc014851.png,肯德基（大新店）,4,0,南山区桃园路与前海路交汇处大新村，大新前海商业中心1-2F,29
610880,https://img.meituan.net/600.600/msmerchant/a56c4d4082a7b662f19c4b9a6eb56c622342599.jpg,必胜客（金鸡店）,4,0,南山区南新路3030号欢乐颂购物中心首层,65
195901222,https://img.meituan.net/600.600/msmerchant/7042c443ad0ec2c032e02e57568e6e48409771.png,川味豆当家火锅（南山店）,4,0,南山区一甲东街1956创意园3栋102,73
75284811,https://img.meituan.net/600.600/msmerchant/e3ff88dc9d9b9b5b57ce078ff2884bbb239976.jpg,西贝莜面村（欢乐颂店）,3.9,295,南山区南新路3030号华润欢乐颂购物中心2层303号,70
3291182,http://p0.meituan.net/600.600/mogu/da74d23abe4ded09fc397499e4f70083123340.png,佳田生日蛋糕（大新地铁店）,3.9,582,南山区罗宝线地铁大新店C出口,10
2458661,http://p0.meituan.net/600.600/poi/924cf315de984ba6e81a491c8de159e7172032.jpg,洞庭石锅鱼（马家龙店）,3.9,255,南山区马家龙艺园路104号（原洞庭情）,62
113460129,http://p1.meituan.net/600.600/mogu/7ada26c4bac8cc1471138f28ab7bce50115690.jpg,仙庙烧鸡（南山总店）,3.9,124,南山区南头街旺海怡苑首层100-11号,54
157090103,http://p0.meituan.net/600.600/bbia/e4f283a0c2a1e4c7cca4c8a1f7e103de320271.jpg,LoveCake御蝶轩生日蛋糕（南头店）,3.7,260,南山区常兴路常兴苑D5栋166号,68
90047055,http://p0.meituan.net/600.600/bbia/8339ffc9870215aac10e0d4a9d6574c144562.jpg,吉野家（欢乐颂店）,3.9,76,南山区南新路3020号欢乐颂购物中心1层G12号商铺,25
65136228,https://img.meituan.net/600.600/msmerchant/bba6850d796562d6488c36c0330a58c71069905.jpg,汉堡王（深圳桃园路店）,3.9,0,南山区桃园路田厦金牛广场A座-1和101号商铺,33
1573997,https://img.meituan.net/600.600/msmerchant/dae9973d8fbc8f52db323ae678c23f3549334.jpg,85度C（常兴店）,3.9,0,南山区桃园路86号常兴广场南山天虹1楼西侧20号铺（近常兴路）,25
40078117,http://p0.meituan.net/600.600/deal/92cfd75f7267abfbba75b573a63d2105310396.jpg,东方宫·中国兰州牛肉拉面（桃园店）,3.8,4427,南山区桃园路与南光路交叉口西北侧田厦金牛广场A座底商（中潜潜水世界楼下）,20
596298,https://img.meituan.net/600.600/msmerchant/f8a10218fc1b5f441e302d5a351729e8496732.jpg,国兰酒楼,3.7,220,南山区深南大道10188号新豪方大厦2楼（近荔香公园）,50
175506222,https://img.meituan.net/600.600/msmerchant/b3f7dd8071c17de26e7e092ac07757ce53945.jpg,细弟潮菜,3.8,884,南山区桃园路286号（桃李路与桃园路交叉口东北角）,98
592438,http://p0.meituan.net/600.600/deal/2184f0e726ec80427fc5966b527149f068163.jpg,中南海滨大酒店餐厅,3.8,473,南山区南新路3125号中南海滨大酒店3楼（近南头天桥）,60
179454575,https://img.meituan.net/600.600/msmerchant/16e871d0c43af5cf376dd0243f55994a22069.jpg,禄月蝦小龙虾海鲜烤肉,3.8,87,南山区南新路3125号中南海滨大酒店2楼,79
40586984,https://img.meituan.net/600.600/msmerchant/6ddb8ef43aab2450075f3de16f3937d3266020.jpg,西域风烧烤（南山大道店）,3.8,235,南山区南头街道义学街五坊19号一楼商铺,50
157198359,https://img.meituan.net/600.600/msmerchant/3ebdcda6e893fb1b64f59b98179f09e0126212.png,牛漫漫烧烤食间,4,78,南山区常兴路45号（近学府路与常兴路交口，11线南山地铁站H出口，常兴花园底商、漓江又一轩旁）,72
159623644,http://p0.meituan.net/600.600/bbia/d15e639e7af5e348a271a5cc38e3046d234223.jpg,邢氏老太太烧烤（南山店）,3.9,1095,南山区南头街289号丽乐美居底商,76
191310854,http://p1.meituan.net/600.600/bbia/994964f9f203f703113d0fab3f888b19106687.jpg,印象毡房（南山泰源店）,3.8,26,南山区南头街道南头城社区南头仿古商业城401A,113
1167104,http://p0.meituan.net/600.600/bbia/bd0c150b5d857d377fbd8b7be298a5aa93261.png,百果园（缤纷年华店）,3.8,33,南山区艺园路缤纷年华花园A29铺,30
40020348,https://img.meituan.net/600.600/msmerchant/8a8df026864577e749859db4f757a93b76417.jpg,面包新语（欢乐颂购物中心店）,3.8,13,南山区南新路3030号1层1023铺,27
156742371,https://img.meituan.net/600.600/msmerchant/7bd7e2e677c0beb121901d28c97d018d394621.jpg,36CAKE生日蛋糕（南山店）,3.8,14,南山区南头街道红花园社区关口正街169号1956数字文化创意园11栋201,60
163560228,https://img.meituan.net/600.600/msmerchant/bf88f4b44d5a349ac59d223ec2da13db118972.jpg,第1时间蛋糕（深圳店）,3.8,13,南山区南头街道前海路大新新村60号-1,133
1562326980,http://p0.meituan.net/600.600/bbia/9f6d1e88f38892e123b6fbe3b8977f8f144521.png,阿甘锅盔（前海天虹店）,3.8,1,南山区前海路振业国际大厦负一层天虹超市入口,15
1540005,http://p0.meituan.net/600.600/bbia/7fdda60c0996f080ce5a7538a0c64de7117543.png,南里奥巴西烤肉（前海店）,3.7,6738,南山区前海路振业星海商业广场4楼（星海名城旁）,79
1547876,http://p0.meituan.net/600.600/deal/__45894917__9366635.jpg,方鼎食府,3.7,3870,南山区南山大道3908号方鼎精品商务酒店二楼（中山公园东门斜对面）,57
42508565,https://img.meituan.net/600.600/msmerchant/bf387fb636d9352f580d602155967ddb195096.jpg,黄记煌三汁焖锅（欢乐颂购物中心店）,3.7,4056,南山区南新路3020号欢乐颂购物中心3层,81
4339323,http://p0.meituan.net/600.600/mogu/c5864656d4b02a8f51c1827053b997a049043.jpg,厚花园重庆火锅（南山店）,3.9,3505,南山区桃园路南贸市场2栋A座2楼（万花筒概念购物街对面）,88
1525985,http://p1.meituan.net/600.600/deal/201209/21/3_0921135851.JPG,新桃园酒店自助餐餐厅,3.7,1571,南山区桃园路10号,102
4180896,https://img.meituan.net/600.600/msmerchant/a8554f3aeda3ac0aa6cff036d87b9f0a27646.jpg,小团圆香辣鸡煲（南山店）,3.9,1401,南山区南头街丽乐美居B栋292号,60
26438,http://p1.meituan.net/600.600/bbia/df490bf55bd3c92f59793cf72a13a717208136.jpg,可颂坊（天虹商场常兴店）,3.7,479,南山区桃园路与常兴路交汇处天虹商场2层（常兴路口）,27
592423,https://img.meituan.net/600.600/msmerchant/9829c66b256a8b897467bc58f038aa5f31816.jpg,潮沅牛肉店（南头老店）,3.7,432,南山区南山大道3120号。——停车导航“中山苑小区” | 中山公园东门向南步行300米 | 南头古城（九街东门）向北步行100米（南头城幼儿园对面）,62
169151257,https://img.meituan.net/600.600/msmerchant/0d0d71a5978ae47773e0f548e3490c18352507.jpg,千萘屋•居酒屋（桃园店）,3.7,130,南山区桃园路南贸中心2b栋103（民生银行旁南贸街直入第一个路口右拐、原厚花园后面）,117
177447542,https://img.meituan.net/600.600/msmerchant/183f8eb3ee1448e96d28867a70852e653139855.jpg,蜀大侠火锅（南头店）,3.7,89,南山区南山大道3102 号,92
79489278,http://p0.meituan.net/600.600/dealwatera/83c0509daf62f8d817c61e9b3a7b6bb456168.jpg,心悦雅姥家大锅台,3.7,732,南山区南头街道玉泉路89号2栋,59
164563383,http://p1.meituan.net/600.600/mogu/3322a47da8ccc21061b6d455d0750b46333371.png,顺德佬酒楼（南头店）,3.7,59,南山区南头街道南山豪庭C1C2栋裙楼119号铺1-2层,79
162170742,http://p1.meituan.net/600.600/mogu/2cee55f006f89eab6eccd3de8c86337825792.jpg,爱上饭·精致湖南菜（大新店）,3.7,68,南山区前海路大新地铁站A出口2楼,63
159603801,https://img.meituan.net/600.600/msmerchant/e89d9ee7401e19f4740e89333c0b01e4673907.jpg,念糖归糖水店,3.6,38,南山区正云路马家龙街心公园商业街,22
755079120,https://img.meituan.net/600.600/msmerchant/0ca21992db14d69e7ffca6da519985d82841208.jpg,汕头潮德阿水牛肉直营店（南头街店）,3.7,9,南山区南山区南头街100-4号旺海怡苑28号铺,72
1889907408,http://p0.meituan.net/xianfu/b7bede5423792b4131c1a77699d3cd9844899.jpg@watermark=0@600w_600h_1l,满记甜品（欢乐颂店）,3.7,1,南山区南新路3030号欢乐颂一楼,32
169782627,https://img.meituan.net/600.600/msmerchant/89476e0b9b4dd7dd92365d9d79dc7b65975970.jpg,魔锅坊麻辣香锅（桃园店）,3.6,165,南山区桃园路86号常兴天虹（招商银行旁）,79
76919520,http://p1.meituan.net/600.600/bbia/a912aed65bb3e76885d2e3b00c4c983e846431.jpg,汉拿山（深圳欢乐颂店）,3.5,3610,南山区南新路3030号欢乐颂购物中心四层412号商铺,89
157379285,http://p0.meituan.net/600.600/mogu/94e8883c14c47d3ee3b0c9fe0a88e0f534917.jpg,大汉堡（南山店）,3.5,425,南山区南头街道头城社区南山大道3055号,18
1781373,http://p0.meituan.net/600.600/scarlett/21e4fba8a8cbe0fb73f8a2930e73875562264.jpg,禾绿回转寿司（星海名城店）,3.5,676,南山区深南大道与前海路交汇处振业国际商务中心深圳天虹商场4层,91
184039658,https://img.meituan.net/600.600/msmerchant/de963294bf6a2430f251f6e6a8dce83932055.jpg,老佛爷炭火蛙锅（南头店）,3.5,198,南山区金鸡路1号田厦翡翠明珠1楼（同仁四季旁）,77
591332,http://p1.meituan.net/600.600/deal/f3bf29c353c663a14218ff92e8a779a8287778.jpg,老乡村湖湘农家大碗菜（南新店）,3.5,1276,南山区南口街13号1-2楼,46
192557417,https://img.meituan.net/600.600/msmerchant/9f47969c9e8f906a8fbd51a7fcbd171a64841.jpg,庞派牛肉粿（南新路店）,3.4,81,南山区南头街道田厦社区商业大厦第一层A-D轴线南新路3014、3018（南贸市场公交站）,21
118639705,http://p1.meituan.net/600.600/mogu/1ed1ce97c48894128c6768903b39ed4c478003.jpg,潮式美食砂锅粥,3.5,99,南山区金鸡路21号商铺（欢乐颂附近）,88
159786847,https://img.meituan.net/600.600/msmerchant/6815b3f8781990ce2defcfbe669dd174400797.jpg,新草原情,3.5,72,南山区玉泉路89号五栋一楼、二楼（毅哲大厦对面）,81
195169263,https://img.meituan.net/600.600/msmerchant/5e3e9eecc79da1713221dedd079a6116240619.jpg,盛熠鸿鲽鱼头小串铺,3.5,1,南山区南头街283号,87
165791269,https://img.meituan.net/600.600/msmerchant/30bcb2ad153657a5af6f45c0279ec398119629.jpg,苏晓玥鸭血粉丝（前海天虹店）,3.5,5,南山区前海路西南侧星海名城七期天虹商场负1楼B001室,21
194802844,https://img.meituan.net/600.600/msmerchant/2629cfd0aff308a3e6d90cf7c2f4161c220808.jpg,壹只牛•牛肉粿条汤（南山桃园店）,3.5,3,南山区南山区南头街道田厦社区南贸中心101,26
193169766,https://img.meituan.net/600.600/msmerchant/381cb8615e3fc973bb7919490572aa0f1824777.jpg,Common coffee,3.5,5,南山区深南大道12069号亚朵酒店大堂常见咖啡,27
167019911,https://img.meituan.net/600.600/msmerchant/c84ef5f7761777261a03dd11a297fa30405323.jpg,相聚潇湘土菜馆,3.5,3,南山区泉园路17号，嘉庭苑小区对面,51
170237573,https://img.meituan.net/600.600/msmerchant/bde3b4e7d60932de2107be4b0aef9b57190147.jpg,虾吻小龙虾香辣蟹烧烤牛蛙（南新路店）,3.5,7,南山区南头街道南新路3151号商铺,109
164721132,https://img.meituan.net/600.600/msmerchant/334a6f4d591f9b6f32789b35929fa594288583.jpg,星朵朵蛋糕西点工作室,3.5,3,南山区前海路海岸时代公寓东座2520,0
159056328,http://p0.meituan.net/600.600/bbia/b1923cf6da02566c3303d97ff19ad014369113.jpg,窑鸡王（欢乐颂店）,3.5,5,南山区南头街道关口路71号,80
194644808,https://img.meituan.net/600.600/msmerchant/110240b7dd35b27eb8f28afb95f68ffe1895994.jpg,爱尚低卡沙拉,3.5,4,南山区南头街道红花园社区关口正街169号1956数字文化创意园8栋102,38
177519485,http://p0.meituan.net/600.600/mogu/0920c3ce03cef3aa75063bd5fb4f043a70621.jpg,半日闲会所,3.5,2,南山区南山大道3168号二楼202-212,68
165551632,http://p0.meituan.net/600.600/mogu/5959329f17c02988230b3c94f14637b380786.jpg,80后,3.5,36,南山区南头街道星海名城前星路26号,20
194454418,https://img.meituan.net/600.600/msmerchant/2629cfd0aff308a3e6d90cf7c2f4161c220808.jpg,壹只牛•牛肉粿条汤（南山红花园店）,3.5,1,南山区深圳市南山区南头街道红花园社区关口正街169号1956数字文化创意园8栋104,28
164668140,http://p0.meituan.net/600.600/mogu/d23fe56c8b7bfaa73a2f997307be4d4f38202.jpg,北环北烧烤吧,3.5,2,南山区南头街道北环大道10014号厂区原保安室南边店面102室（神彩彩联物流中心）,49
158759912,http://p0.meituan.net/600.600/deal/7a8d0360ff90ded15e7207c1b8ccec0736157.jpg,阳江餐厅（大新店）,3.5,5,南山区桃园西路前海金岸广场,79
195990180,https://img.meituan.net/600.600/msmerchant/c7cf46e9e6db42633ceb9cfbc7d67c2041563.jpg,谷芋（大新店）,3.5,3,南山区南头街道前海路东一甲海边新村商业街12号铺,15
177996572,https://img.meituan.net/600.600/msmerchant/87ec3e77bb2eaee7c3a12d52a802b62a125842.jpg,杜朵花园蛋糕生活,3.5,3,南山区南头街道海岸时代公寓裙楼102,181
1894353236,https://img.meituan.net/600.600/msmerchant/46467875b987880b512e2b1a7944622730032.jpg,1柠1柠檬茶（大新店）,4,5,南山区前海路3168-8号大新前海商业中心157,15
192150844,https://img.meituan.net/600.600/msmerchant/af8a2ec385f51ef9fb55403478b63628453664.jpg,万得福食谱料理W KITCHEN（1956创意园分店）,3.5,4,南山区关口路1956创意园10栋107,28
193731066,https://img.meituan.net/600.600/msmerchant/f86640011b4b3752add69b71f6202cee91076.jpg,烤拉烧烤1956,3.5,4,南山区一甲东街关口正街101-1号,60
1845625978,https://img.meituan.net/600.600/msmerchant/0ef6d1398b5b45867f4cb464fa235b15108862.jpg,湛江王朝烤蚝吧（南头分店）,3.5,4,南山区南山区前海路南头街1956数字文化创意园4栋104号,79
850107874,https://img.meituan.net/600.600/msmerchant/4704ef7be6f838d59e8e4703f0c9c64a101022.jpg,FM解压桌游餐吧,3.5,0,南山区南头街道红花园社区关口正街169号1956数字文化创意园3栋601,114
165130603,https://img.meituan.net/600.600/msmerchant/2eaa05efa4bdbb622a7a1d276246ea1d731954.jpg,红荔村肠粉（常兴店）,3.5,0,南山区桃园路常兴时代广场底商,22
92807,https://img.meituan.net/600.600/msmerchant/f1ae9eb7b822a38a97a22dfe6e20c12080900.jpg,佳泰砂锅粥（马家龙店）,3.4,970,南山区玉泉路与艺园路交汇处（满家福百货，国税对面）,58
1780873,http://p1.meituan.net/600.600/bbia/56786faf6bf0104cf72c6cb35ec7e658201314.jpg,茅草屋烧烤（南头店）,3.4,157,南山区南头街丽乐美居A栋104室,57
179480980,https://img.meituan.net/600.600/msmerchant/f706be3e22f6571b8f3725690ebd348934936.jpg,一芳台灣水果茶（南头店）,3.4,21,南山区南头街道常兴路154号（桃园地铁站B出口320米，常兴天虹与欢乐颂之间）,16
168902475,http://p1.meituan.net/600.600/mogu/fca41acaf1f618c7c063b4acff7eaf9496663.jpg,锦李家长沙米粉（南山前海天虹店）,3.5,9,南山区前海路星海名城七期地下一层03号-002号铺,22
195140426,https://img.meituan.net/600.600/msmerchant/629e69c53b044cba251dca85f3d5310a160815.jpg,子非鱼石锅咕噜鱼（南山旗舰店）,3.3,59,南山区南新路3030号欢乐颂负一楼A001商铺（华润万家收银台对面）,59
194698373,http://qcloud.dpfile.com/pc/4cceXlnnCHKBW-pK6a5_sDCwrBWNx3tFHACSWb7DfRpwURlqfobTFCehuO-xFqZUmXKqvF8xz-Pgbz9r8ffpSA.jpg,鹅熹新澄海卤鹅饭店（星海名城店）,3.4,41,南山区宝安大道星海名城,29
41977659,http://p0.meituan.net/600.600/mogu/885e9a74fe370ed4511872dd4d090529300312.jpg,汉釜宫韩式自助烤肉（大新店）,3.2,4940,南山区桃园路与前海路交叉口大新地铁A出口二楼,51
192638214,https://img.meituan.net/600.600/msmerchant/3e3fbde108215c7b986cdc344b0662cc94226.jpg,鹅熹新澄海卤鹅饭店（南头店）,3.2,92,南山区常兴路171号,31
187245810,https://img.meituan.net/600.600/msmerchant/b35acf36d8c742d4385ce5d2bbd9e48a18978.jpg,拾贝乐卜卜贝（南头店）,3,99,南山区南头街旺海怡苑100-1号铺,49
169961611,http://p1.meituan.net/600.600/waimaipoi/616e9795a6d98a432bf7bbac1747271c65365.jpg,百姓砂锅土豆粉（艺园路店）,3,5,南山区艺园路荔园新村115号11栋1楼,15
158467407,http://p1.meituan.net/600.600/deal/da3c9fc561b00097eb89537ea70614b994426.jpg,深韩料理（南头店）,3,1,南山区南头古城南头中学旁文化街4号,15
161902447,http://p0.meituan.net/600.600/bbia/5c3381fff1662d4ed3ca0e9b4ab062a7460611.jpg,蟹庄缘阳澄湖大闸蟹（南山店）,0,0,南山区南山大道3098号（山海家园底商）,0
